"","current_bait_id","total_sem"
"1","CHEK1_WT",0.368437298162827
"2","CHEK1_D130A",0.43956557228318
"3","CHEK1_L449R",0.376506953173547
