"","current_bait_id","total_sem"
"1","CAMKK2_WT",0.239501883775737
"2","CAMKK2_D312A",0.334397567464093
"3","CAMKK2_T483D",0.254876106552518
